{
"SPEED_0" :"a",
"SPEED_25" :"b",
"SPEED_50": "c",
"SPEED_75" :"d",
"SPEED_100" :"e",
"TURN_RIGHT_5" :"f",
"TURN_RIGHT_30" :"g",
"TURN_RIGHT_60" :"h",
"TURN_RIGHT_90" :"i",
"TURN_RIGHT_180" :"j",
"BACKWARD" :"k",
"FORWARD": "l",
"TURN_LEFT_5": "m",
"TURN_LEFT_30": "n",
"TURN_LEFT_60": "o",
"TURN_LEFT_90": "p",
"TURN_LEFT_180" :"q",
"RIDE_1CM" :"r",
"RIDE_5CM": "s",
"RIDE_15CM":"t",
"RIDE_25CM" :"u",
"RIDE_50CM" :"v",
"RIDE_75CM": "w",
"RIDE_100CM" :"x",
"RIDE_150CM" :"y",
"RIDE_200CM": "z",
"RIDE_FREE" :"B",
"RIDE_RIGHT_FREE" :"C",
"RIDE_LEFT_FREE" :"D",
"STOP" :"E",
"NONE": "F",
"TURN_RIGHT_45" :"G",
"TURN_LEFT_45" :"H",
"REQUEST_OPEN" :"I",
"REQUEST_FEEDBACK" :"J",
"FEEDBACK ":"K",
"REQUEST_CLOSE": "L"
}
