{
    "U_L": {"U_L_": 45.62, "M_L": 76.5},
    "U_M": {"U_L_": 109.65, "U_R_": 109.65},
    "U_R": {"U_R_": 45.62, "M_R": 76.5},
    "U_R_": {"U_R": 45.62, "M_M": 83.21, "U_M": 109.65},
    "U_L_": {"U_L": 45.62, "M_M": 83.21, "U_M": 109.65},
    "M_L": {"U_L": 77.5, "D_L": 77.5,"M_M": 90},
    "M_M": {"U_L_": 83.21, "U_R_": 83.21, "D_L_": 83.63, "D_R_": 83.63, "M_L": 90, "M_R": 90},
    "M_R": {"U_R": 77.5, "D_R": 77.5, "M_M": 90},
    "D_L": {"D_L_": 45.62, "M_L": 22.5},
    "D_M": {"D_L_": 45.54, "D_R_": 45.54},
    "D_R": {"D_R_": 45.62, "M_R": 22.5},
    "D_R_": {"D_R": 45.62, "M_M": 83.63, "D_M": 45.54},
    "D_L_": {"D_L": 45.62, "M_M": 83.63, "D_M": 45.54},
    "SMALL_BLUE_SIDE_BLUE" : {"D_L": 30},
    "SMALL_BLUE_SIDE_YELLOW" :{"M_R": 30},
    "LARGE_BLUE_AREA" :{"U_L": 30},
    "SMALL_YELLOW_SIDE_BLUE" :{"M_L": 30},
    "SMALL_YELLOW_SIDE_YELLOW" :{"D_R": 30},
    "LARGE_YELLOW_AREA" :{"U_R": 30}
}
