{"FORWARD" :"forward",
"BACKWARD" :"backward",
"SMALL_BLUE_SIDE_BLUE" :{"coord_x":225,"coord_y":225},
"SMALL_BLUE_SIDE_YELLOW" :{"coord_x":2775,"coord_y":1000},
"LARGE_BLUE_AREA" :{"coord_x":225,"coord_y":1775},
"SMALL_YELLOW_SIDE_BLUE" :{"coord_x":225,"coord_y":1000},
"SMALL_YELLOW_SIDE_YELLOW" :{"coord_x":2775,"coord_y":225},
"LARGE_YELLOW_AREA" :{"coord_x":2775,"coord_y":1775},
"PLANT_AREA_FORWARD_SIDE_BLUE" :{"coord_x":1000,"coord_y":1300},
"PLANT_AREA_BACKWARD_SIDE_BLUE" :{"coord_x":1000,"coord_y":700},
"PLANT_AREA_FORWARD_SIDE_MIDDLE" :{"coord_x":1500,"coord_y":1500},
"PLANT_AREA_BACKWARD_SIDE_MIDDLE" :{"coord_x":1500,"coord_y":500},
"PLANT_AREA_FORWARD_SIDE_YELLOW" :{"coord_x":2000,"coord_y":1300},
"PLANT_AREA_BACKWARD_SIDE_YELLOW" :{"coord_x":2000,"coord_y":700},
"POT_AREA_FORWARD_SIDE_BLUE" :{"coord_x":0,"coord_y":0},
"POT_AREA_BACKWARD_SIDE_BLUE" :{"coord_x":0,"coord_y":0},
"POT_AREA_FORWARD_SIDE_MIDDLE" :{"coord_x":0,"coord_y":0},
"POT_AREA_BACKWARD_SIDE_MIDDLE" :{"coord_x":0,"coord_y":0},
"POT_AREA_FORWARD_SIDE_YELLOW" :{"coord_x":0,"coord_y":0},
"POT_AREA_BACKWARD_SIDE_YELLOW" :{"coord_x":0,"coord_y":0},
"GARDEN_AREA_FORWARD_SIDE_BLUE" :{"coord_x":0,"coord_y":0},
"GARDEN_AREA_BACKWARD_SIDE_BLUE" :{"coord_x":0,"coord_y":0},
"GARDEN_AREA_FORWARD_SIDE_MIDDLE" :{"coord_x":0,"coord_y":0},
"GARDEN_AREA_BACKWARD_SIDE_MIDDLE" :{"coord_x":0,"coord_y":0},
"GARDEN_AREA_FORWARD_SIDE_YELLOW" :{"coord_x":0,"coord_y":0},
"GARDEN_AREA_BACKWARD_SIDE_YELLOW" :{"coord_x":0,"coord_y":0},
"SOLAR_AREA_BLUE_SIDE_BLUE" :{"coord_x":0,"coord_y":0},
"SOLAR_AREA_MIDDLE_SIDE_BLUE" :{"coord_x":0,"coord_y":0},
"SOLAR_AREA_YELLOW_SIDE_BLUE" :{"coord_x":0,"coord_y":0},
"SOLAR_AREA_BLUE_SIDE_YELLOW" :{"coord_x":0,"coord_y":0},
"SOLAR_AREA_MIDDLE_SIDE_YELLOW" :{"coord_x":0,"coord_y":0},
"SOLAR_AREA_YELLOW_SIDE_YELLOW" :{"coord_x":0,"coord_y":0},
"CENTER" :{"coord_x":0,"coord_y":0},
"U_L" :{"coord_x":600,"coord_y":1775},
"M_L" :{"coord_x":600,"coord_y":1000},
"D_L" :{"coord_x":600,"coord_y":225},
"U_L_":{"coord_x":1050,"coord_y":1700},
"D_L_":{"coord_x":1050,"coord_y":295},
"U_M" :{"coord_x":1500,"coord_y":1700},
"M_M" :{"coord_x":1500,"coord_y":1000},
"D_M" :{"coord_x":1500,"coord_y":225},
"U_R" :{"coord_x":2400,"coord_y":1775},
"M_R" :{"coord_x":2400,"coord_y":1000},
"D_R" :{"coord_x":2400,"coord_y":225},
"U_R_":{"coord_x":1950,"coord_y":1700},
"D_R_":{"coord_x":1950,"coord_y":295}
}
