{"FORWARD" :"forward",
"BACKWARD" :"backward",
"SMALL_BLUE_SIDE_BLUE" :"sbsb",
"SMALL_BLUE_SIDE_YELLOW" :"sbsy",
"LARGE_BLUE_AREA" :"lba",
"SMALL_YELLOW_SIDE_BLUE" :"sysb",
"SMALL_YELLOW_SIDE_YELLOW" :"sysy",
"LARGE_YELLOW_AREA" :"lya",
"PLANT_AREA_FORWARD_SIDE_BLUE" :"pafsb",
"PLANT_AREA_BACKWARD_SIDE_BLUE" :"pabsb",
"PLANT_AREA_FORWARD_SIDE_MIDDLE" :"pafsm",
"PLANT_AREA_BACKWARD_SIDE_MIDDLE" :"pabsm",
"PLANT_AREA_FORWARD_SIDE_YELLOW" :"pafsy",
"PLANT_AREA_BACKWARD_SIDE_YELLOW" :"pabsy",
"POT_AREA_FORWARD_SIDE_BLUE" :"Pafsb",
"POT_AREA_BACKWARD_SIDE_BLUE" :"Pabsb",
"POT_AREA_FORWARD_SIDE_MIDDLE" :"Pafsm",
"POT_AREA_BACKWARD_SIDE_MIDDLE" :"Pabsm",
"POT_AREA_FORWARD_SIDE_YELLOW" :"Pafsy",
"POT_AREA_BACKWARD_SIDE_YELLOW" :"Pabsy",
"GARDEN_AREA_FORWARD_SIDE_BLUE" :"gafsb",
"GARDEN_AREA_BACKWARD_SIDE_BLUE" :"gabsb",
"GARDEN_AREA_FORWARD_SIDE_MIDDLE" :"gafsm",
"GARDEN_AREA_BACKWARD_SIDE_MIDDLE" :"gabsm",
"GARDEN_AREA_FORWARD_SIDE_YELLOW" :"gafsy",
"GARDEN_AREA_BACKWARD_SIDE_YELLOW" :"gabsy",
"SOLAR_AREA_BLUE_SIDE_BLUE" :"sabsb",
"SOLAR_AREA_MIDDLE_SIDE_BLUE" :"samsb",
"SOLAR_AREA_YELLOW_SIDE_BLUE" :"saysb",
"SOLAR_AREA_BLUE_SIDE_YELLOW" :"sabsy",
"SOLAR_AREA_MIDDLE_SIDE_YELLOW" :"samsy",
"SOLAR_AREA_YELLOW_SIDE_YELLOW" :"saysy",
"CENTER" :"center"
}