{
"SMALL_BLUE_SIDE_BLUE" :"D_L",
"SMALL_BLUE_SIDE_YELLOW" :"M_R",
"LARGE_BLUE_AREA" :"U_L",
"SMALL_YELLOW_SIDE_BLUE" :"M_L",
"SMALL_YELLOW_SIDE_YELLOW" :"D_R",
"LARGE_YELLOW_AREA" :"U_R",
"PLANT_AREA_FORWARD_SIDE_BLUE" :"U_L_",
"PLANT_AREA_BACKWARD_SIDE_BLUE" :"D_L_",
"PLANT_AREA_FORWARD_SIDE_MIDDLE" :"M_L",
"PLANT_AREA_BACKWARD_SIDE_MIDDLE" :"D_M",
"PLANT_AREA_FORWARD_SIDE_YELLOW" :"U_R_",
"PLANT_AREA_BACKWARD_SIDE_YELLOW" :"U_R",
"POT_AREA_FORWARD_SIDE_BLUE" :"M_L",
"POT_AREA_BACKWARD_SIDE_BLUE" :"M_L",
"POT_AREA_FORWARD_SIDE_MIDDLE" :"D_R_",
"POT_AREA_BACKWARD_SIDE_MIDDLE" :"D_L_",
"POT_AREA_FORWARD_SIDE_YELLOW" :"M_R",
"POT_AREA_BACKWARD_SIDE_YELLOW" :"M_R",
"GARDEN_AREA_FORWARD_SIDE_BLUE" :"M_L",
"GARDEN_AREA_BACKWARD_SIDE_BLUE" :"M_L",
"GARDEN_AREA_FORWARD_SIDE_MIDDLE" :"U_R_",
"GARDEN_AREA_BACKWARD_SIDE_MIDDLE" :"U_L",
"GARDEN_AREA_FORWARD_SIDE_YELLOW" :"M_R",
"GARDEN_AREA_BACKWARD_SIDE_YELLOW" :"M_R",
"SOLAR_AREA_BLUE_SIDE_BLUE" :"D_L",
"SOLAR_AREA_MIDDLE_SIDE_BLUE" :"D_M",
"SOLAR_AREA_YELLOW_SIDE_BLUE" :"D_R",
"SOLAR_AREA_BLUE_SIDE_YELLOW" :"D_L",
"SOLAR_AREA_MIDDLE_SIDE_YELLOW" :"D_M",
"SOLAR_AREA_YELLOW_SIDE_YELLOW" :"D_R",
"CENTER" :"M_M"
}

