{
  "type_description_msg": {
    "type_description": {
      "type_name": "data_flow/action/ActuatorCommands",
      "fields": [
        {
          "name": "goal",
          "type": {
            "type_id": 1,
            "capacity": 0,
            "string_capacity": 0,
            "nested_type_name": "data_flow/action/ActuatorCommands_Goal"
          },
          "default_value": ""
        },
        {
          "name": "result",
          "type": {
            "type_id": 1,
            "capacity": 0,
            "string_capacity": 0,
            "nested_type_name": "data_flow/action/ActuatorCommands_Result"
          },
          "default_value": ""
        },
        {
          "name": "feedback",
          "type": {
            "type_id": 1,
            "capacity": 0,
            "string_capacity": 0,
            "nested_type_name": "data_flow/action/ActuatorCommands_Feedback"
          },
          "default_value": ""
        },
        {
          "name": "send_goal_service",
          "type": {
            "type_id": 1,
            "capacity": 0,
            "string_capacity": 0,
            "nested_type_name": "data_flow/action/ActuatorCommands_SendGoal"
          },
          "default_value": ""
        },
        {
          "name": "get_result_service",
          "type": {
            "type_id": 1,
            "capacity": 0,
            "string_capacity": 0,
            "nested_type_name": "data_flow/action/ActuatorCommands_GetResult"
          },
          "default_value": ""
        },
        {
          "name": "feedback_message",
          "type": {
            "type_id": 1,
            "capacity": 0,
            "string_capacity": 0,
            "nested_type_name": "data_flow/action/ActuatorCommands_FeedbackMessage"
          },
          "default_value": ""
        }
      ]
    },
    "referenced_type_descriptions": [
      {
        "type_name": "builtin_interfaces/msg/Time",
        "fields": [
          {
            "name": "sec",
            "type": {
              "type_id": 6,
              "capacity": 0,
              "string_capacity": 0,
              "nested_type_name": ""
            },
            "default_value": ""
          },
          {
            "name": "nanosec",
            "type": {
              "type_id": 7,
              "capacity": 0,
              "string_capacity": 0,
              "nested_type_name": ""
            },
            "default_value": ""
          }
        ]
      },
      {
        "type_name": "data_flow/action/ActuatorCommands_Feedback",
        "fields": [
          {
            "name": "feedback",
            "type": {
              "type_id": 15,
              "capacity": 0,
              "string_capacity": 0,
              "nested_type_name": ""
            },
            "default_value": ""
          }
        ]
      },
      {
        "type_name": "data_flow/action/ActuatorCommands_FeedbackMessage",
        "fields": [
          {
            "name": "goal_id",
            "type": {
              "type_id": 1,
              "capacity": 0,
              "string_capacity": 0,
              "nested_type_name": "unique_identifier_msgs/msg/UUID"
            },
            "default_value": ""
          },
          {
            "name": "feedback",
            "type": {
              "type_id": 1,
              "capacity": 0,
              "string_capacity": 0,
              "nested_type_name": "data_flow/action/ActuatorCommands_Feedback"
            },
            "default_value": ""
          }
        ]
      },
      {
        "type_name": "data_flow/action/ActuatorCommands_GetResult",
        "fields": [
          {
            "name": "request_message",
            "type": {
              "type_id": 1,
              "capacity": 0,
              "string_capacity": 0,
              "nested_type_name": "data_flow/action/ActuatorCommands_GetResult_Request"
            },
            "default_value": ""
          },
          {
            "name": "response_message",
            "type": {
              "type_id": 1,
              "capacity": 0,
              "string_capacity": 0,
              "nested_type_name": "data_flow/action/ActuatorCommands_GetResult_Response"
            },
            "default_value": ""
          },
          {
            "name": "event_message",
            "type": {
              "type_id": 1,
              "capacity": 0,
              "string_capacity": 0,
              "nested_type_name": "data_flow/action/ActuatorCommands_GetResult_Event"
            },
            "default_value": ""
          }
        ]
      },
      {
        "type_name": "data_flow/action/ActuatorCommands_GetResult_Event",
        "fields": [
          {
            "name": "info",
            "type": {
              "type_id": 1,
              "capacity": 0,
              "string_capacity": 0,
              "nested_type_name": "service_msgs/msg/ServiceEventInfo"
            },
            "default_value": ""
          },
          {
            "name": "request",
            "type": {
              "type_id": 97,
              "capacity": 1,
              "string_capacity": 0,
              "nested_type_name": "data_flow/action/ActuatorCommands_GetResult_Request"
            },
            "default_value": ""
          },
          {
            "name": "response",
            "type": {
              "type_id": 97,
              "capacity": 1,
              "string_capacity": 0,
              "nested_type_name": "data_flow/action/ActuatorCommands_GetResult_Response"
            },
            "default_value": ""
          }
        ]
      },
      {
        "type_name": "data_flow/action/ActuatorCommands_GetResult_Request",
        "fields": [
          {
            "name": "goal_id",
            "type": {
              "type_id": 1,
              "capacity": 0,
              "string_capacity": 0,
              "nested_type_name": "unique_identifier_msgs/msg/UUID"
            },
            "default_value": ""
          }
        ]
      },
      {
        "type_name": "data_flow/action/ActuatorCommands_GetResult_Response",
        "fields": [
          {
            "name": "status",
            "type": {
              "type_id": 2,
              "capacity": 0,
              "string_capacity": 0,
              "nested_type_name": ""
            },
            "default_value": ""
          },
          {
            "name": "result",
            "type": {
              "type_id": 1,
              "capacity": 0,
              "string_capacity": 0,
              "nested_type_name": "data_flow/action/ActuatorCommands_Result"
            },
            "default_value": ""
          }
        ]
      },
      {
        "type_name": "data_flow/action/ActuatorCommands_Goal",
        "fields": [
          {
            "name": "actuator_data",
            "type": {
              "type_id": 17,
              "capacity": 0,
              "string_capacity": 0,
              "nested_type_name": ""
            },
            "default_value": ""
          }
        ]
      },
      {
        "type_name": "data_flow/action/ActuatorCommands_Result",
        "fields": [
          {
            "name": "action_reached",
            "type": {
              "type_id": 15,
              "capacity": 0,
              "string_capacity": 0,
              "nested_type_name": ""
            },
            "default_value": ""
          }
        ]
      },
      {
        "type_name": "data_flow/action/ActuatorCommands_SendGoal",
        "fields": [
          {
            "name": "request_message",
            "type": {
              "type_id": 1,
              "capacity": 0,
              "string_capacity": 0,
              "nested_type_name": "data_flow/action/ActuatorCommands_SendGoal_Request"
            },
            "default_value": ""
          },
          {
            "name": "response_message",
            "type": {
              "type_id": 1,
              "capacity": 0,
              "string_capacity": 0,
              "nested_type_name": "data_flow/action/ActuatorCommands_SendGoal_Response"
            },
            "default_value": ""
          },
          {
            "name": "event_message",
            "type": {
              "type_id": 1,
              "capacity": 0,
              "string_capacity": 0,
              "nested_type_name": "data_flow/action/ActuatorCommands_SendGoal_Event"
            },
            "default_value": ""
          }
        ]
      },
      {
        "type_name": "data_flow/action/ActuatorCommands_SendGoal_Event",
        "fields": [
          {
            "name": "info",
            "type": {
              "type_id": 1,
              "capacity": 0,
              "string_capacity": 0,
              "nested_type_name": "service_msgs/msg/ServiceEventInfo"
            },
            "default_value": ""
          },
          {
            "name": "request",
            "type": {
              "type_id": 97,
              "capacity": 1,
              "string_capacity": 0,
              "nested_type_name": "data_flow/action/ActuatorCommands_SendGoal_Request"
            },
            "default_value": ""
          },
          {
            "name": "response",
            "type": {
              "type_id": 97,
              "capacity": 1,
              "string_capacity": 0,
              "nested_type_name": "data_flow/action/ActuatorCommands_SendGoal_Response"
            },
            "default_value": ""
          }
        ]
      },
      {
        "type_name": "data_flow/action/ActuatorCommands_SendGoal_Request",
        "fields": [
          {
            "name": "goal_id",
            "type": {
              "type_id": 1,
              "capacity": 0,
              "string_capacity": 0,
              "nested_type_name": "unique_identifier_msgs/msg/UUID"
            },
            "default_value": ""
          },
          {
            "name": "goal",
            "type": {
              "type_id": 1,
              "capacity": 0,
              "string_capacity": 0,
              "nested_type_name": "data_flow/action/ActuatorCommands_Goal"
            },
            "default_value": ""
          }
        ]
      },
      {
        "type_name": "data_flow/action/ActuatorCommands_SendGoal_Response",
        "fields": [
          {
            "name": "accepted",
            "type": {
              "type_id": 15,
              "capacity": 0,
              "string_capacity": 0,
              "nested_type_name": ""
            },
            "default_value": ""
          },
          {
            "name": "stamp",
            "type": {
              "type_id": 1,
              "capacity": 0,
              "string_capacity": 0,
              "nested_type_name": "builtin_interfaces/msg/Time"
            },
            "default_value": ""
          }
        ]
      },
      {
        "type_name": "service_msgs/msg/ServiceEventInfo",
        "fields": [
          {
            "name": "event_type",
            "type": {
              "type_id": 3,
              "capacity": 0,
              "string_capacity": 0,
              "nested_type_name": ""
            },
            "default_value": ""
          },
          {
            "name": "stamp",
            "type": {
              "type_id": 1,
              "capacity": 0,
              "string_capacity": 0,
              "nested_type_name": "builtin_interfaces/msg/Time"
            },
            "default_value": ""
          },
          {
            "name": "client_gid",
            "type": {
              "type_id": 51,
              "capacity": 16,
              "string_capacity": 0,
              "nested_type_name": ""
            },
            "default_value": ""
          },
          {
            "name": "sequence_number",
            "type": {
              "type_id": 8,
              "capacity": 0,
              "string_capacity": 0,
              "nested_type_name": ""
            },
            "default_value": ""
          }
        ]
      },
      {
        "type_name": "unique_identifier_msgs/msg/UUID",
        "fields": [
          {
            "name": "uuid",
            "type": {
              "type_id": 51,
              "capacity": 16,
              "string_capacity": 0,
              "nested_type_name": ""
            },
            "default_value": ""
          }
        ]
      }
    ]
  },
  "type_hashes": [
    {
      "type_name": "data_flow/action/ActuatorCommands",
      "hash_string": "RIHS01_2a5f21947625744ce7f984ea5c73e1fba74a1de3bfeac23bcb450aef003235f9"
    },
    {
      "type_name": "builtin_interfaces/msg/Time",
      "hash_string": "RIHS01_b106235e25a4c5ed35098aa0a61a3ee9c9b18d197f398b0e4206cea9acf9c197"
    },
    {
      "type_name": "data_flow/action/ActuatorCommands_Feedback",
      "hash_string": "RIHS01_359e7bb6125cddb969e41efd4368b9a1137f98c33497df15a1074e9b2dcb5abe"
    },
    {
      "type_name": "data_flow/action/ActuatorCommands_FeedbackMessage",
      "hash_string": "RIHS01_b8212c89e2a9d5faeebd711ef24b10979b8d3ed17c16cf139beffb43d1a2f06a"
    },
    {
      "type_name": "data_flow/action/ActuatorCommands_GetResult",
      "hash_string": "RIHS01_28058e18b1a2d376dd25f49017a688dad540a4ab11d93bcea717684a6596bd44"
    },
    {
      "type_name": "data_flow/action/ActuatorCommands_GetResult_Event",
      "hash_string": "RIHS01_c63265e02e9e1cc7639d7c6cb7e0b72914527b9f0a3bf59a784e215ddd710bf0"
    },
    {
      "type_name": "data_flow/action/ActuatorCommands_GetResult_Request",
      "hash_string": "RIHS01_625d1c2322057f7456181fc51916ccee485c348744916b287e36c183347af99a"
    },
    {
      "type_name": "data_flow/action/ActuatorCommands_GetResult_Response",
      "hash_string": "RIHS01_6bb7edc529d8c90a63c54cee64330a44fa44d0051d260e6d6eda3d45e68aa2ed"
    },
    {
      "type_name": "data_flow/action/ActuatorCommands_Goal",
      "hash_string": "RIHS01_d1557c0f27233fb7baf983a30bbede8571d2c6a9b0fcb155deb50dbe19c1a597"
    },
    {
      "type_name": "data_flow/action/ActuatorCommands_Result",
      "hash_string": "RIHS01_14dd5f7eea76aac2a4667dbac73f79b417e0c46cf369dc2c822c13ae07f764be"
    },
    {
      "type_name": "data_flow/action/ActuatorCommands_SendGoal",
      "hash_string": "RIHS01_c1f5d39e0e69b6e111b3ab0ebfc4998187f5d3f794011588acf332bde98ee2aa"
    },
    {
      "type_name": "data_flow/action/ActuatorCommands_SendGoal_Event",
      "hash_string": "RIHS01_05731a2d7275cd71ba10db0fb5f3c31ae258f7c1003aa04f3b1fc6cefc47b9a5"
    },
    {
      "type_name": "data_flow/action/ActuatorCommands_SendGoal_Request",
      "hash_string": "RIHS01_bab5340d5afdcf617750edf3b7d5e3b190804fc228fbac6185c12803167c1a57"
    },
    {
      "type_name": "data_flow/action/ActuatorCommands_SendGoal_Response",
      "hash_string": "RIHS01_18e14e921359620d70bbe6ecffcbeddfd3523cb4d3e3680d340af1dcb15f91e8"
    },
    {
      "type_name": "service_msgs/msg/ServiceEventInfo",
      "hash_string": "RIHS01_41bcbbe07a75c9b52bc96bfd5c24d7f0fc0a08c0cb7921b3373c5732345a6f45"
    },
    {
      "type_name": "unique_identifier_msgs/msg/UUID",
      "hash_string": "RIHS01_1b8e8aca958cbea28fe6ef60bf6c19b683c97a9ef60bb34752067d0f2f7ab437"
    }
  ]
}