{
  "type_description_msg": {
    "type_description": {
      "type_name": "data_flow/action/Brain",
      "fields": [
        {
          "name": "goal",
          "type": {
            "type_id": 1,
            "capacity": 0,
            "string_capacity": 0,
            "nested_type_name": "data_flow/action/Brain_Goal"
          },
          "default_value": ""
        },
        {
          "name": "result",
          "type": {
            "type_id": 1,
            "capacity": 0,
            "string_capacity": 0,
            "nested_type_name": "data_flow/action/Brain_Result"
          },
          "default_value": ""
        },
        {
          "name": "feedback",
          "type": {
            "type_id": 1,
            "capacity": 0,
            "string_capacity": 0,
            "nested_type_name": "data_flow/action/Brain_Feedback"
          },
          "default_value": ""
        },
        {
          "name": "send_goal_service",
          "type": {
            "type_id": 1,
            "capacity": 0,
            "string_capacity": 0,
            "nested_type_name": "data_flow/action/Brain_SendGoal"
          },
          "default_value": ""
        },
        {
          "name": "get_result_service",
          "type": {
            "type_id": 1,
            "capacity": 0,
            "string_capacity": 0,
            "nested_type_name": "data_flow/action/Brain_GetResult"
          },
          "default_value": ""
        },
        {
          "name": "feedback_message",
          "type": {
            "type_id": 1,
            "capacity": 0,
            "string_capacity": 0,
            "nested_type_name": "data_flow/action/Brain_FeedbackMessage"
          },
          "default_value": ""
        }
      ]
    },
    "referenced_type_descriptions": [
      {
        "type_name": "builtin_interfaces/msg/Time",
        "fields": [
          {
            "name": "sec",
            "type": {
              "type_id": 6,
              "capacity": 0,
              "string_capacity": 0,
              "nested_type_name": ""
            },
            "default_value": ""
          },
          {
            "name": "nanosec",
            "type": {
              "type_id": 7,
              "capacity": 0,
              "string_capacity": 0,
              "nested_type_name": ""
            },
            "default_value": ""
          }
        ]
      },
      {
        "type_name": "data_flow/action/Brain_Feedback",
        "fields": [
          {
            "name": "coord_x",
            "type": {
              "type_id": 10,
              "capacity": 0,
              "string_capacity": 0,
              "nested_type_name": ""
            },
            "default_value": ""
          },
          {
            "name": "coord_y",
            "type": {
              "type_id": 10,
              "capacity": 0,
              "string_capacity": 0,
              "nested_type_name": ""
            },
            "default_value": ""
          },
          {
            "name": "current_angle_delta",
            "type": {
              "type_id": 10,
              "capacity": 0,
              "string_capacity": 0,
              "nested_type_name": ""
            },
            "default_value": ""
          },
          {
            "name": "current_distance_completed",
            "type": {
              "type_id": 10,
              "capacity": 0,
              "string_capacity": 0,
              "nested_type_name": ""
            },
            "default_value": ""
          }
        ]
      },
      {
        "type_name": "data_flow/action/Brain_FeedbackMessage",
        "fields": [
          {
            "name": "goal_id",
            "type": {
              "type_id": 1,
              "capacity": 0,
              "string_capacity": 0,
              "nested_type_name": "unique_identifier_msgs/msg/UUID"
            },
            "default_value": ""
          },
          {
            "name": "feedback",
            "type": {
              "type_id": 1,
              "capacity": 0,
              "string_capacity": 0,
              "nested_type_name": "data_flow/action/Brain_Feedback"
            },
            "default_value": ""
          }
        ]
      },
      {
        "type_name": "data_flow/action/Brain_GetResult",
        "fields": [
          {
            "name": "request_message",
            "type": {
              "type_id": 1,
              "capacity": 0,
              "string_capacity": 0,
              "nested_type_name": "data_flow/action/Brain_GetResult_Request"
            },
            "default_value": ""
          },
          {
            "name": "response_message",
            "type": {
              "type_id": 1,
              "capacity": 0,
              "string_capacity": 0,
              "nested_type_name": "data_flow/action/Brain_GetResult_Response"
            },
            "default_value": ""
          },
          {
            "name": "event_message",
            "type": {
              "type_id": 1,
              "capacity": 0,
              "string_capacity": 0,
              "nested_type_name": "data_flow/action/Brain_GetResult_Event"
            },
            "default_value": ""
          }
        ]
      },
      {
        "type_name": "data_flow/action/Brain_GetResult_Event",
        "fields": [
          {
            "name": "info",
            "type": {
              "type_id": 1,
              "capacity": 0,
              "string_capacity": 0,
              "nested_type_name": "service_msgs/msg/ServiceEventInfo"
            },
            "default_value": ""
          },
          {
            "name": "request",
            "type": {
              "type_id": 97,
              "capacity": 1,
              "string_capacity": 0,
              "nested_type_name": "data_flow/action/Brain_GetResult_Request"
            },
            "default_value": ""
          },
          {
            "name": "response",
            "type": {
              "type_id": 97,
              "capacity": 1,
              "string_capacity": 0,
              "nested_type_name": "data_flow/action/Brain_GetResult_Response"
            },
            "default_value": ""
          }
        ]
      },
      {
        "type_name": "data_flow/action/Brain_GetResult_Request",
        "fields": [
          {
            "name": "goal_id",
            "type": {
              "type_id": 1,
              "capacity": 0,
              "string_capacity": 0,
              "nested_type_name": "unique_identifier_msgs/msg/UUID"
            },
            "default_value": ""
          }
        ]
      },
      {
        "type_name": "data_flow/action/Brain_GetResult_Response",
        "fields": [
          {
            "name": "status",
            "type": {
              "type_id": 2,
              "capacity": 0,
              "string_capacity": 0,
              "nested_type_name": ""
            },
            "default_value": ""
          },
          {
            "name": "result",
            "type": {
              "type_id": 1,
              "capacity": 0,
              "string_capacity": 0,
              "nested_type_name": "data_flow/action/Brain_Result"
            },
            "default_value": ""
          }
        ]
      },
      {
        "type_name": "data_flow/action/Brain_Goal",
        "fields": [
          {
            "name": "target",
            "type": {
              "type_id": 17,
              "capacity": 0,
              "string_capacity": 0,
              "nested_type_name": ""
            },
            "default_value": ""
          },
          {
            "name": "emergency_stop",
            "type": {
              "type_id": 15,
              "capacity": 0,
              "string_capacity": 0,
              "nested_type_name": ""
            },
            "default_value": ""
          },
          {
            "name": "order",
            "type": {
              "type_id": 17,
              "capacity": 0,
              "string_capacity": 0,
              "nested_type_name": ""
            },
            "default_value": ""
          }
        ]
      },
      {
        "type_name": "data_flow/action/Brain_Result",
        "fields": [
          {
            "name": "target_reached",
            "type": {
              "type_id": 17,
              "capacity": 0,
              "string_capacity": 0,
              "nested_type_name": ""
            },
            "default_value": ""
          },
          {
            "name": "order_reached",
            "type": {
              "type_id": 17,
              "capacity": 0,
              "string_capacity": 0,
              "nested_type_name": ""
            },
            "default_value": ""
          },
          {
            "name": "final_angle_delta_completed",
            "type": {
              "type_id": 10,
              "capacity": 0,
              "string_capacity": 0,
              "nested_type_name": ""
            },
            "default_value": ""
          },
          {
            "name": "final_distance_completed",
            "type": {
              "type_id": 10,
              "capacity": 0,
              "string_capacity": 0,
              "nested_type_name": ""
            },
            "default_value": ""
          }
        ]
      },
      {
        "type_name": "data_flow/action/Brain_SendGoal",
        "fields": [
          {
            "name": "request_message",
            "type": {
              "type_id": 1,
              "capacity": 0,
              "string_capacity": 0,
              "nested_type_name": "data_flow/action/Brain_SendGoal_Request"
            },
            "default_value": ""
          },
          {
            "name": "response_message",
            "type": {
              "type_id": 1,
              "capacity": 0,
              "string_capacity": 0,
              "nested_type_name": "data_flow/action/Brain_SendGoal_Response"
            },
            "default_value": ""
          },
          {
            "name": "event_message",
            "type": {
              "type_id": 1,
              "capacity": 0,
              "string_capacity": 0,
              "nested_type_name": "data_flow/action/Brain_SendGoal_Event"
            },
            "default_value": ""
          }
        ]
      },
      {
        "type_name": "data_flow/action/Brain_SendGoal_Event",
        "fields": [
          {
            "name": "info",
            "type": {
              "type_id": 1,
              "capacity": 0,
              "string_capacity": 0,
              "nested_type_name": "service_msgs/msg/ServiceEventInfo"
            },
            "default_value": ""
          },
          {
            "name": "request",
            "type": {
              "type_id": 97,
              "capacity": 1,
              "string_capacity": 0,
              "nested_type_name": "data_flow/action/Brain_SendGoal_Request"
            },
            "default_value": ""
          },
          {
            "name": "response",
            "type": {
              "type_id": 97,
              "capacity": 1,
              "string_capacity": 0,
              "nested_type_name": "data_flow/action/Brain_SendGoal_Response"
            },
            "default_value": ""
          }
        ]
      },
      {
        "type_name": "data_flow/action/Brain_SendGoal_Request",
        "fields": [
          {
            "name": "goal_id",
            "type": {
              "type_id": 1,
              "capacity": 0,
              "string_capacity": 0,
              "nested_type_name": "unique_identifier_msgs/msg/UUID"
            },
            "default_value": ""
          },
          {
            "name": "goal",
            "type": {
              "type_id": 1,
              "capacity": 0,
              "string_capacity": 0,
              "nested_type_name": "data_flow/action/Brain_Goal"
            },
            "default_value": ""
          }
        ]
      },
      {
        "type_name": "data_flow/action/Brain_SendGoal_Response",
        "fields": [
          {
            "name": "accepted",
            "type": {
              "type_id": 15,
              "capacity": 0,
              "string_capacity": 0,
              "nested_type_name": ""
            },
            "default_value": ""
          },
          {
            "name": "stamp",
            "type": {
              "type_id": 1,
              "capacity": 0,
              "string_capacity": 0,
              "nested_type_name": "builtin_interfaces/msg/Time"
            },
            "default_value": ""
          }
        ]
      },
      {
        "type_name": "service_msgs/msg/ServiceEventInfo",
        "fields": [
          {
            "name": "event_type",
            "type": {
              "type_id": 3,
              "capacity": 0,
              "string_capacity": 0,
              "nested_type_name": ""
            },
            "default_value": ""
          },
          {
            "name": "stamp",
            "type": {
              "type_id": 1,
              "capacity": 0,
              "string_capacity": 0,
              "nested_type_name": "builtin_interfaces/msg/Time"
            },
            "default_value": ""
          },
          {
            "name": "client_gid",
            "type": {
              "type_id": 51,
              "capacity": 16,
              "string_capacity": 0,
              "nested_type_name": ""
            },
            "default_value": ""
          },
          {
            "name": "sequence_number",
            "type": {
              "type_id": 8,
              "capacity": 0,
              "string_capacity": 0,
              "nested_type_name": ""
            },
            "default_value": ""
          }
        ]
      },
      {
        "type_name": "unique_identifier_msgs/msg/UUID",
        "fields": [
          {
            "name": "uuid",
            "type": {
              "type_id": 51,
              "capacity": 16,
              "string_capacity": 0,
              "nested_type_name": ""
            },
            "default_value": ""
          }
        ]
      }
    ]
  },
  "type_hashes": [
    {
      "type_name": "data_flow/action/Brain",
      "hash_string": "RIHS01_76d82a55c1ee4a3be48d15a3d4f82f746f5906e4e680ea7123afe8465da861c9"
    },
    {
      "type_name": "builtin_interfaces/msg/Time",
      "hash_string": "RIHS01_b106235e25a4c5ed35098aa0a61a3ee9c9b18d197f398b0e4206cea9acf9c197"
    },
    {
      "type_name": "data_flow/action/Brain_Feedback",
      "hash_string": "RIHS01_32d54ba3a447a86276fe66dce66a0467ad100887a6b2121b07a76c56925bafb9"
    },
    {
      "type_name": "data_flow/action/Brain_FeedbackMessage",
      "hash_string": "RIHS01_67ebb655eea3d38867e0fefa359bb7c5167391e1aef74fee62d36d0d3dae410e"
    },
    {
      "type_name": "data_flow/action/Brain_GetResult",
      "hash_string": "RIHS01_3edbf2e533356a26f2c44465070e69af823ee97bb03fbf9bdd4adb467ae4427f"
    },
    {
      "type_name": "data_flow/action/Brain_GetResult_Event",
      "hash_string": "RIHS01_879e79350c2dc5837e17a7f1fe6367aa02ba36cc266700f0f87239c9ca49b233"
    },
    {
      "type_name": "data_flow/action/Brain_GetResult_Request",
      "hash_string": "RIHS01_92971f6858d7ead5ef2adb12c21871e065866b290bd7238412699211635e1bbb"
    },
    {
      "type_name": "data_flow/action/Brain_GetResult_Response",
      "hash_string": "RIHS01_a94280ba539fdfbf43fb2fd7ed14e78548f090d8e331fd73c004a4879ca8f701"
    },
    {
      "type_name": "data_flow/action/Brain_Goal",
      "hash_string": "RIHS01_2eb6ef6beaabc7ff749f9f52a9edd49337a57c02c9638fe11f48bfeb64037101"
    },
    {
      "type_name": "data_flow/action/Brain_Result",
      "hash_string": "RIHS01_646e3561d774de4389e687633371173560072e68efd84adba3a41b3d4e438252"
    },
    {
      "type_name": "data_flow/action/Brain_SendGoal",
      "hash_string": "RIHS01_1d4bb13a190aa03af51f6d08c79ed10aaff1b57cf369e68647ed6f83242e0a87"
    },
    {
      "type_name": "data_flow/action/Brain_SendGoal_Event",
      "hash_string": "RIHS01_668e259ed346dd3c1d9964ec3d401e3c03632171a1af0b9865b68ab798ebb6e1"
    },
    {
      "type_name": "data_flow/action/Brain_SendGoal_Request",
      "hash_string": "RIHS01_57fcaf13a6430d5c02f85f55324b00998f049bafb360550f745dcc5ab5f1bc0c"
    },
    {
      "type_name": "data_flow/action/Brain_SendGoal_Response",
      "hash_string": "RIHS01_d5b452f24a5ae1034e46b293f2479196dfa0f5eaa30c4783e46d2e849670a075"
    },
    {
      "type_name": "service_msgs/msg/ServiceEventInfo",
      "hash_string": "RIHS01_41bcbbe07a75c9b52bc96bfd5c24d7f0fc0a08c0cb7921b3373c5732345a6f45"
    },
    {
      "type_name": "unique_identifier_msgs/msg/UUID",
      "hash_string": "RIHS01_1b8e8aca958cbea28fe6ef60bf6c19b683c97a9ef60bb34752067d0f2f7ab437"
    }
  ]
}