{
  "type_description_msg": {
    "type_description": {
      "type_name": "data_flow/action/MotionCommands",
      "fields": [
        {
          "name": "goal",
          "type": {
            "type_id": 1,
            "capacity": 0,
            "string_capacity": 0,
            "nested_type_name": "data_flow/action/MotionCommands_Goal"
          },
          "default_value": ""
        },
        {
          "name": "result",
          "type": {
            "type_id": 1,
            "capacity": 0,
            "string_capacity": 0,
            "nested_type_name": "data_flow/action/MotionCommands_Result"
          },
          "default_value": ""
        },
        {
          "name": "feedback",
          "type": {
            "type_id": 1,
            "capacity": 0,
            "string_capacity": 0,
            "nested_type_name": "data_flow/action/MotionCommands_Feedback"
          },
          "default_value": ""
        },
        {
          "name": "send_goal_service",
          "type": {
            "type_id": 1,
            "capacity": 0,
            "string_capacity": 0,
            "nested_type_name": "data_flow/action/MotionCommands_SendGoal"
          },
          "default_value": ""
        },
        {
          "name": "get_result_service",
          "type": {
            "type_id": 1,
            "capacity": 0,
            "string_capacity": 0,
            "nested_type_name": "data_flow/action/MotionCommands_GetResult"
          },
          "default_value": ""
        },
        {
          "name": "feedback_message",
          "type": {
            "type_id": 1,
            "capacity": 0,
            "string_capacity": 0,
            "nested_type_name": "data_flow/action/MotionCommands_FeedbackMessage"
          },
          "default_value": ""
        }
      ]
    },
    "referenced_type_descriptions": [
      {
        "type_name": "builtin_interfaces/msg/Time",
        "fields": [
          {
            "name": "sec",
            "type": {
              "type_id": 6,
              "capacity": 0,
              "string_capacity": 0,
              "nested_type_name": ""
            },
            "default_value": ""
          },
          {
            "name": "nanosec",
            "type": {
              "type_id": 7,
              "capacity": 0,
              "string_capacity": 0,
              "nested_type_name": ""
            },
            "default_value": ""
          }
        ]
      },
      {
        "type_name": "data_flow/action/MotionCommands_Feedback",
        "fields": [
          {
            "name": "coord_x",
            "type": {
              "type_id": 10,
              "capacity": 0,
              "string_capacity": 0,
              "nested_type_name": ""
            },
            "default_value": ""
          },
          {
            "name": "coord_y",
            "type": {
              "type_id": 10,
              "capacity": 0,
              "string_capacity": 0,
              "nested_type_name": ""
            },
            "default_value": ""
          },
          {
            "name": "current_angle_delta",
            "type": {
              "type_id": 10,
              "capacity": 0,
              "string_capacity": 0,
              "nested_type_name": ""
            },
            "default_value": ""
          },
          {
            "name": "current_distance_completed",
            "type": {
              "type_id": 10,
              "capacity": 0,
              "string_capacity": 0,
              "nested_type_name": ""
            },
            "default_value": ""
          }
        ]
      },
      {
        "type_name": "data_flow/action/MotionCommands_FeedbackMessage",
        "fields": [
          {
            "name": "goal_id",
            "type": {
              "type_id": 1,
              "capacity": 0,
              "string_capacity": 0,
              "nested_type_name": "unique_identifier_msgs/msg/UUID"
            },
            "default_value": ""
          },
          {
            "name": "feedback",
            "type": {
              "type_id": 1,
              "capacity": 0,
              "string_capacity": 0,
              "nested_type_name": "data_flow/action/MotionCommands_Feedback"
            },
            "default_value": ""
          }
        ]
      },
      {
        "type_name": "data_flow/action/MotionCommands_GetResult",
        "fields": [
          {
            "name": "request_message",
            "type": {
              "type_id": 1,
              "capacity": 0,
              "string_capacity": 0,
              "nested_type_name": "data_flow/action/MotionCommands_GetResult_Request"
            },
            "default_value": ""
          },
          {
            "name": "response_message",
            "type": {
              "type_id": 1,
              "capacity": 0,
              "string_capacity": 0,
              "nested_type_name": "data_flow/action/MotionCommands_GetResult_Response"
            },
            "default_value": ""
          },
          {
            "name": "event_message",
            "type": {
              "type_id": 1,
              "capacity": 0,
              "string_capacity": 0,
              "nested_type_name": "data_flow/action/MotionCommands_GetResult_Event"
            },
            "default_value": ""
          }
        ]
      },
      {
        "type_name": "data_flow/action/MotionCommands_GetResult_Event",
        "fields": [
          {
            "name": "info",
            "type": {
              "type_id": 1,
              "capacity": 0,
              "string_capacity": 0,
              "nested_type_name": "service_msgs/msg/ServiceEventInfo"
            },
            "default_value": ""
          },
          {
            "name": "request",
            "type": {
              "type_id": 97,
              "capacity": 1,
              "string_capacity": 0,
              "nested_type_name": "data_flow/action/MotionCommands_GetResult_Request"
            },
            "default_value": ""
          },
          {
            "name": "response",
            "type": {
              "type_id": 97,
              "capacity": 1,
              "string_capacity": 0,
              "nested_type_name": "data_flow/action/MotionCommands_GetResult_Response"
            },
            "default_value": ""
          }
        ]
      },
      {
        "type_name": "data_flow/action/MotionCommands_GetResult_Request",
        "fields": [
          {
            "name": "goal_id",
            "type": {
              "type_id": 1,
              "capacity": 0,
              "string_capacity": 0,
              "nested_type_name": "unique_identifier_msgs/msg/UUID"
            },
            "default_value": ""
          }
        ]
      },
      {
        "type_name": "data_flow/action/MotionCommands_GetResult_Response",
        "fields": [
          {
            "name": "status",
            "type": {
              "type_id": 2,
              "capacity": 0,
              "string_capacity": 0,
              "nested_type_name": ""
            },
            "default_value": ""
          },
          {
            "name": "result",
            "type": {
              "type_id": 1,
              "capacity": 0,
              "string_capacity": 0,
              "nested_type_name": "data_flow/action/MotionCommands_Result"
            },
            "default_value": ""
          }
        ]
      },
      {
        "type_name": "data_flow/action/MotionCommands_Goal",
        "fields": [
          {
            "name": "target",
            "type": {
              "type_id": 17,
              "capacity": 0,
              "string_capacity": 0,
              "nested_type_name": ""
            },
            "default_value": ""
          },
          {
            "name": "emergency_stop",
            "type": {
              "type_id": 15,
              "capacity": 0,
              "string_capacity": 0,
              "nested_type_name": ""
            },
            "default_value": ""
          },
          {
            "name": "order",
            "type": {
              "type_id": 17,
              "capacity": 0,
              "string_capacity": 0,
              "nested_type_name": ""
            },
            "default_value": ""
          }
        ]
      },
      {
        "type_name": "data_flow/action/MotionCommands_Result",
        "fields": [
          {
            "name": "target_reached",
            "type": {
              "type_id": 17,
              "capacity": 0,
              "string_capacity": 0,
              "nested_type_name": ""
            },
            "default_value": ""
          },
          {
            "name": "order_reached",
            "type": {
              "type_id": 17,
              "capacity": 0,
              "string_capacity": 0,
              "nested_type_name": ""
            },
            "default_value": ""
          },
          {
            "name": "final_angle_delta_completed",
            "type": {
              "type_id": 10,
              "capacity": 0,
              "string_capacity": 0,
              "nested_type_name": ""
            },
            "default_value": ""
          },
          {
            "name": "final_distance_completed",
            "type": {
              "type_id": 10,
              "capacity": 0,
              "string_capacity": 0,
              "nested_type_name": ""
            },
            "default_value": ""
          }
        ]
      },
      {
        "type_name": "data_flow/action/MotionCommands_SendGoal",
        "fields": [
          {
            "name": "request_message",
            "type": {
              "type_id": 1,
              "capacity": 0,
              "string_capacity": 0,
              "nested_type_name": "data_flow/action/MotionCommands_SendGoal_Request"
            },
            "default_value": ""
          },
          {
            "name": "response_message",
            "type": {
              "type_id": 1,
              "capacity": 0,
              "string_capacity": 0,
              "nested_type_name": "data_flow/action/MotionCommands_SendGoal_Response"
            },
            "default_value": ""
          },
          {
            "name": "event_message",
            "type": {
              "type_id": 1,
              "capacity": 0,
              "string_capacity": 0,
              "nested_type_name": "data_flow/action/MotionCommands_SendGoal_Event"
            },
            "default_value": ""
          }
        ]
      },
      {
        "type_name": "data_flow/action/MotionCommands_SendGoal_Event",
        "fields": [
          {
            "name": "info",
            "type": {
              "type_id": 1,
              "capacity": 0,
              "string_capacity": 0,
              "nested_type_name": "service_msgs/msg/ServiceEventInfo"
            },
            "default_value": ""
          },
          {
            "name": "request",
            "type": {
              "type_id": 97,
              "capacity": 1,
              "string_capacity": 0,
              "nested_type_name": "data_flow/action/MotionCommands_SendGoal_Request"
            },
            "default_value": ""
          },
          {
            "name": "response",
            "type": {
              "type_id": 97,
              "capacity": 1,
              "string_capacity": 0,
              "nested_type_name": "data_flow/action/MotionCommands_SendGoal_Response"
            },
            "default_value": ""
          }
        ]
      },
      {
        "type_name": "data_flow/action/MotionCommands_SendGoal_Request",
        "fields": [
          {
            "name": "goal_id",
            "type": {
              "type_id": 1,
              "capacity": 0,
              "string_capacity": 0,
              "nested_type_name": "unique_identifier_msgs/msg/UUID"
            },
            "default_value": ""
          },
          {
            "name": "goal",
            "type": {
              "type_id": 1,
              "capacity": 0,
              "string_capacity": 0,
              "nested_type_name": "data_flow/action/MotionCommands_Goal"
            },
            "default_value": ""
          }
        ]
      },
      {
        "type_name": "data_flow/action/MotionCommands_SendGoal_Response",
        "fields": [
          {
            "name": "accepted",
            "type": {
              "type_id": 15,
              "capacity": 0,
              "string_capacity": 0,
              "nested_type_name": ""
            },
            "default_value": ""
          },
          {
            "name": "stamp",
            "type": {
              "type_id": 1,
              "capacity": 0,
              "string_capacity": 0,
              "nested_type_name": "builtin_interfaces/msg/Time"
            },
            "default_value": ""
          }
        ]
      },
      {
        "type_name": "service_msgs/msg/ServiceEventInfo",
        "fields": [
          {
            "name": "event_type",
            "type": {
              "type_id": 3,
              "capacity": 0,
              "string_capacity": 0,
              "nested_type_name": ""
            },
            "default_value": ""
          },
          {
            "name": "stamp",
            "type": {
              "type_id": 1,
              "capacity": 0,
              "string_capacity": 0,
              "nested_type_name": "builtin_interfaces/msg/Time"
            },
            "default_value": ""
          },
          {
            "name": "client_gid",
            "type": {
              "type_id": 51,
              "capacity": 16,
              "string_capacity": 0,
              "nested_type_name": ""
            },
            "default_value": ""
          },
          {
            "name": "sequence_number",
            "type": {
              "type_id": 8,
              "capacity": 0,
              "string_capacity": 0,
              "nested_type_name": ""
            },
            "default_value": ""
          }
        ]
      },
      {
        "type_name": "unique_identifier_msgs/msg/UUID",
        "fields": [
          {
            "name": "uuid",
            "type": {
              "type_id": 51,
              "capacity": 16,
              "string_capacity": 0,
              "nested_type_name": ""
            },
            "default_value": ""
          }
        ]
      }
    ]
  },
  "type_hashes": [
    {
      "type_name": "data_flow/action/MotionCommands",
      "hash_string": "RIHS01_bddd9191c14c4d8121e9a10104b5a5f56755dfe4ec38d7703ee8b4b290afcc10"
    },
    {
      "type_name": "builtin_interfaces/msg/Time",
      "hash_string": "RIHS01_b106235e25a4c5ed35098aa0a61a3ee9c9b18d197f398b0e4206cea9acf9c197"
    },
    {
      "type_name": "data_flow/action/MotionCommands_Feedback",
      "hash_string": "RIHS01_aa747381efd173e64b6b3a2d5ece7a0d78b5e3f525b4d7319edd5aa5021292c8"
    },
    {
      "type_name": "data_flow/action/MotionCommands_FeedbackMessage",
      "hash_string": "RIHS01_a67c68cb33cd64c296e2d7c1abce7b658e59c71c4ab6d61141dfc11d0b18ee69"
    },
    {
      "type_name": "data_flow/action/MotionCommands_GetResult",
      "hash_string": "RIHS01_fb3a59c805830d522776273aacdd5e62d1967fc1cd2bfb17626e5fbf03d80a33"
    },
    {
      "type_name": "data_flow/action/MotionCommands_GetResult_Event",
      "hash_string": "RIHS01_83af3dc20e5ff51c15fce83fa30bdf45eb4645b32b46863306f089d798e826dd"
    },
    {
      "type_name": "data_flow/action/MotionCommands_GetResult_Request",
      "hash_string": "RIHS01_89091f301fcb550e327ece1e8fe9637e40eb901795f8e04f19aae4ce59416858"
    },
    {
      "type_name": "data_flow/action/MotionCommands_GetResult_Response",
      "hash_string": "RIHS01_9cd1adfaa7cc53056adf2b3f3017b1b0f02ed63383ebaaf1bc303bcfcc597de2"
    },
    {
      "type_name": "data_flow/action/MotionCommands_Goal",
      "hash_string": "RIHS01_5e4cca4c11f9d3201a7e448c5b7d035b83285f440f406bf63ba1da4f58addaf4"
    },
    {
      "type_name": "data_flow/action/MotionCommands_Result",
      "hash_string": "RIHS01_445a2f9fe5eed1a42798fade5a14497d9063da8a6e3ee1a8dff5c0104761b3b6"
    },
    {
      "type_name": "data_flow/action/MotionCommands_SendGoal",
      "hash_string": "RIHS01_a24f8992fbd7f6c57940e4c4f55ee849e49bdca365506d00aea9aac276a50a5b"
    },
    {
      "type_name": "data_flow/action/MotionCommands_SendGoal_Event",
      "hash_string": "RIHS01_f40110bb30b5f841964bc78875af5016d9bfecd71bd46c0a63b766e85b63ea6e"
    },
    {
      "type_name": "data_flow/action/MotionCommands_SendGoal_Request",
      "hash_string": "RIHS01_3bb60f6223f0e17f792024d520d2c0b0582bbfc9e00f2b676c4f728f57ebb9e4"
    },
    {
      "type_name": "data_flow/action/MotionCommands_SendGoal_Response",
      "hash_string": "RIHS01_0a6cad5f931330ae07495a9c67142932454a1b6d59ad38ab901c4c6a2fdc1759"
    },
    {
      "type_name": "service_msgs/msg/ServiceEventInfo",
      "hash_string": "RIHS01_41bcbbe07a75c9b52bc96bfd5c24d7f0fc0a08c0cb7921b3373c5732345a6f45"
    },
    {
      "type_name": "unique_identifier_msgs/msg/UUID",
      "hash_string": "RIHS01_1b8e8aca958cbea28fe6ef60bf6c19b683c97a9ef60bb34752067d0f2f7ab437"
    }
  ]
}