{
  "type_description_msg": {
    "type_description": {
      "type_name": "data_flow/action/SensorFeedback",
      "fields": [
        {
          "name": "goal",
          "type": {
            "type_id": 1,
            "capacity": 0,
            "string_capacity": 0,
            "nested_type_name": "data_flow/action/SensorFeedback_Goal"
          },
          "default_value": ""
        },
        {
          "name": "result",
          "type": {
            "type_id": 1,
            "capacity": 0,
            "string_capacity": 0,
            "nested_type_name": "data_flow/action/SensorFeedback_Result"
          },
          "default_value": ""
        },
        {
          "name": "feedback",
          "type": {
            "type_id": 1,
            "capacity": 0,
            "string_capacity": 0,
            "nested_type_name": "data_flow/action/SensorFeedback_Feedback"
          },
          "default_value": ""
        },
        {
          "name": "send_goal_service",
          "type": {
            "type_id": 1,
            "capacity": 0,
            "string_capacity": 0,
            "nested_type_name": "data_flow/action/SensorFeedback_SendGoal"
          },
          "default_value": ""
        },
        {
          "name": "get_result_service",
          "type": {
            "type_id": 1,
            "capacity": 0,
            "string_capacity": 0,
            "nested_type_name": "data_flow/action/SensorFeedback_GetResult"
          },
          "default_value": ""
        },
        {
          "name": "feedback_message",
          "type": {
            "type_id": 1,
            "capacity": 0,
            "string_capacity": 0,
            "nested_type_name": "data_flow/action/SensorFeedback_FeedbackMessage"
          },
          "default_value": ""
        }
      ]
    },
    "referenced_type_descriptions": [
      {
        "type_name": "builtin_interfaces/msg/Time",
        "fields": [
          {
            "name": "sec",
            "type": {
              "type_id": 6,
              "capacity": 0,
              "string_capacity": 0,
              "nested_type_name": ""
            },
            "default_value": ""
          },
          {
            "name": "nanosec",
            "type": {
              "type_id": 7,
              "capacity": 0,
              "string_capacity": 0,
              "nested_type_name": ""
            },
            "default_value": ""
          }
        ]
      },
      {
        "type_name": "data_flow/action/SensorFeedback_Feedback",
        "fields": [
          {
            "name": "sensor_data",
            "type": {
              "type_id": 17,
              "capacity": 0,
              "string_capacity": 0,
              "nested_type_name": ""
            },
            "default_value": ""
          }
        ]
      },
      {
        "type_name": "data_flow/action/SensorFeedback_FeedbackMessage",
        "fields": [
          {
            "name": "goal_id",
            "type": {
              "type_id": 1,
              "capacity": 0,
              "string_capacity": 0,
              "nested_type_name": "unique_identifier_msgs/msg/UUID"
            },
            "default_value": ""
          },
          {
            "name": "feedback",
            "type": {
              "type_id": 1,
              "capacity": 0,
              "string_capacity": 0,
              "nested_type_name": "data_flow/action/SensorFeedback_Feedback"
            },
            "default_value": ""
          }
        ]
      },
      {
        "type_name": "data_flow/action/SensorFeedback_GetResult",
        "fields": [
          {
            "name": "request_message",
            "type": {
              "type_id": 1,
              "capacity": 0,
              "string_capacity": 0,
              "nested_type_name": "data_flow/action/SensorFeedback_GetResult_Request"
            },
            "default_value": ""
          },
          {
            "name": "response_message",
            "type": {
              "type_id": 1,
              "capacity": 0,
              "string_capacity": 0,
              "nested_type_name": "data_flow/action/SensorFeedback_GetResult_Response"
            },
            "default_value": ""
          },
          {
            "name": "event_message",
            "type": {
              "type_id": 1,
              "capacity": 0,
              "string_capacity": 0,
              "nested_type_name": "data_flow/action/SensorFeedback_GetResult_Event"
            },
            "default_value": ""
          }
        ]
      },
      {
        "type_name": "data_flow/action/SensorFeedback_GetResult_Event",
        "fields": [
          {
            "name": "info",
            "type": {
              "type_id": 1,
              "capacity": 0,
              "string_capacity": 0,
              "nested_type_name": "service_msgs/msg/ServiceEventInfo"
            },
            "default_value": ""
          },
          {
            "name": "request",
            "type": {
              "type_id": 97,
              "capacity": 1,
              "string_capacity": 0,
              "nested_type_name": "data_flow/action/SensorFeedback_GetResult_Request"
            },
            "default_value": ""
          },
          {
            "name": "response",
            "type": {
              "type_id": 97,
              "capacity": 1,
              "string_capacity": 0,
              "nested_type_name": "data_flow/action/SensorFeedback_GetResult_Response"
            },
            "default_value": ""
          }
        ]
      },
      {
        "type_name": "data_flow/action/SensorFeedback_GetResult_Request",
        "fields": [
          {
            "name": "goal_id",
            "type": {
              "type_id": 1,
              "capacity": 0,
              "string_capacity": 0,
              "nested_type_name": "unique_identifier_msgs/msg/UUID"
            },
            "default_value": ""
          }
        ]
      },
      {
        "type_name": "data_flow/action/SensorFeedback_GetResult_Response",
        "fields": [
          {
            "name": "status",
            "type": {
              "type_id": 2,
              "capacity": 0,
              "string_capacity": 0,
              "nested_type_name": ""
            },
            "default_value": ""
          },
          {
            "name": "result",
            "type": {
              "type_id": 1,
              "capacity": 0,
              "string_capacity": 0,
              "nested_type_name": "data_flow/action/SensorFeedback_Result"
            },
            "default_value": ""
          }
        ]
      },
      {
        "type_name": "data_flow/action/SensorFeedback_Goal",
        "fields": [
          {
            "name": "state_sensor",
            "type": {
              "type_id": 15,
              "capacity": 0,
              "string_capacity": 0,
              "nested_type_name": ""
            },
            "default_value": ""
          }
        ]
      },
      {
        "type_name": "data_flow/action/SensorFeedback_Result",
        "fields": [
          {
            "name": "state_sensor",
            "type": {
              "type_id": 15,
              "capacity": 0,
              "string_capacity": 0,
              "nested_type_name": ""
            },
            "default_value": ""
          }
        ]
      },
      {
        "type_name": "data_flow/action/SensorFeedback_SendGoal",
        "fields": [
          {
            "name": "request_message",
            "type": {
              "type_id": 1,
              "capacity": 0,
              "string_capacity": 0,
              "nested_type_name": "data_flow/action/SensorFeedback_SendGoal_Request"
            },
            "default_value": ""
          },
          {
            "name": "response_message",
            "type": {
              "type_id": 1,
              "capacity": 0,
              "string_capacity": 0,
              "nested_type_name": "data_flow/action/SensorFeedback_SendGoal_Response"
            },
            "default_value": ""
          },
          {
            "name": "event_message",
            "type": {
              "type_id": 1,
              "capacity": 0,
              "string_capacity": 0,
              "nested_type_name": "data_flow/action/SensorFeedback_SendGoal_Event"
            },
            "default_value": ""
          }
        ]
      },
      {
        "type_name": "data_flow/action/SensorFeedback_SendGoal_Event",
        "fields": [
          {
            "name": "info",
            "type": {
              "type_id": 1,
              "capacity": 0,
              "string_capacity": 0,
              "nested_type_name": "service_msgs/msg/ServiceEventInfo"
            },
            "default_value": ""
          },
          {
            "name": "request",
            "type": {
              "type_id": 97,
              "capacity": 1,
              "string_capacity": 0,
              "nested_type_name": "data_flow/action/SensorFeedback_SendGoal_Request"
            },
            "default_value": ""
          },
          {
            "name": "response",
            "type": {
              "type_id": 97,
              "capacity": 1,
              "string_capacity": 0,
              "nested_type_name": "data_flow/action/SensorFeedback_SendGoal_Response"
            },
            "default_value": ""
          }
        ]
      },
      {
        "type_name": "data_flow/action/SensorFeedback_SendGoal_Request",
        "fields": [
          {
            "name": "goal_id",
            "type": {
              "type_id": 1,
              "capacity": 0,
              "string_capacity": 0,
              "nested_type_name": "unique_identifier_msgs/msg/UUID"
            },
            "default_value": ""
          },
          {
            "name": "goal",
            "type": {
              "type_id": 1,
              "capacity": 0,
              "string_capacity": 0,
              "nested_type_name": "data_flow/action/SensorFeedback_Goal"
            },
            "default_value": ""
          }
        ]
      },
      {
        "type_name": "data_flow/action/SensorFeedback_SendGoal_Response",
        "fields": [
          {
            "name": "accepted",
            "type": {
              "type_id": 15,
              "capacity": 0,
              "string_capacity": 0,
              "nested_type_name": ""
            },
            "default_value": ""
          },
          {
            "name": "stamp",
            "type": {
              "type_id": 1,
              "capacity": 0,
              "string_capacity": 0,
              "nested_type_name": "builtin_interfaces/msg/Time"
            },
            "default_value": ""
          }
        ]
      },
      {
        "type_name": "service_msgs/msg/ServiceEventInfo",
        "fields": [
          {
            "name": "event_type",
            "type": {
              "type_id": 3,
              "capacity": 0,
              "string_capacity": 0,
              "nested_type_name": ""
            },
            "default_value": ""
          },
          {
            "name": "stamp",
            "type": {
              "type_id": 1,
              "capacity": 0,
              "string_capacity": 0,
              "nested_type_name": "builtin_interfaces/msg/Time"
            },
            "default_value": ""
          },
          {
            "name": "client_gid",
            "type": {
              "type_id": 51,
              "capacity": 16,
              "string_capacity": 0,
              "nested_type_name": ""
            },
            "default_value": ""
          },
          {
            "name": "sequence_number",
            "type": {
              "type_id": 8,
              "capacity": 0,
              "string_capacity": 0,
              "nested_type_name": ""
            },
            "default_value": ""
          }
        ]
      },
      {
        "type_name": "unique_identifier_msgs/msg/UUID",
        "fields": [
          {
            "name": "uuid",
            "type": {
              "type_id": 51,
              "capacity": 16,
              "string_capacity": 0,
              "nested_type_name": ""
            },
            "default_value": ""
          }
        ]
      }
    ]
  },
  "type_hashes": [
    {
      "type_name": "data_flow/action/SensorFeedback",
      "hash_string": "RIHS01_7097b1259c76572557e89934199d114075d0fe5f56ffadfc0f5fb3bf26bbebd2"
    },
    {
      "type_name": "builtin_interfaces/msg/Time",
      "hash_string": "RIHS01_b106235e25a4c5ed35098aa0a61a3ee9c9b18d197f398b0e4206cea9acf9c197"
    },
    {
      "type_name": "data_flow/action/SensorFeedback_Feedback",
      "hash_string": "RIHS01_fa61190b47abf719beae646bc49d221d4b7a6bdbca88c3cfc8b0ce7ae9e35138"
    },
    {
      "type_name": "data_flow/action/SensorFeedback_FeedbackMessage",
      "hash_string": "RIHS01_9dcf7486de15a0390ddebc79be595236b748c68f68f0eea693410633b294c6e6"
    },
    {
      "type_name": "data_flow/action/SensorFeedback_GetResult",
      "hash_string": "RIHS01_1b44c9d27e8bb9b13b1391b7691a70d220dabaa08dc801d4309e8f93c309eea1"
    },
    {
      "type_name": "data_flow/action/SensorFeedback_GetResult_Event",
      "hash_string": "RIHS01_3311630047e79f5c77522bc5b1571eea64fa6a7ca8570e2b3034f47d6b5d9bd8"
    },
    {
      "type_name": "data_flow/action/SensorFeedback_GetResult_Request",
      "hash_string": "RIHS01_796dd56f01b97c401a847c3414300cffea4deb1333054971a65a2776ef47e15a"
    },
    {
      "type_name": "data_flow/action/SensorFeedback_GetResult_Response",
      "hash_string": "RIHS01_e83674f81f55924678f0025ef1c423d93ee4c53cb05326d7632cc098eef3179c"
    },
    {
      "type_name": "data_flow/action/SensorFeedback_Goal",
      "hash_string": "RIHS01_3abca21c58edc476e6d94e4638453d953a799a2c52737dde1ada959c9b8da053"
    },
    {
      "type_name": "data_flow/action/SensorFeedback_Result",
      "hash_string": "RIHS01_59023cd00b5e4bfa81cd5f88a39f591ab9a36398c374ff0b10ec2cf7d4a3d28d"
    },
    {
      "type_name": "data_flow/action/SensorFeedback_SendGoal",
      "hash_string": "RIHS01_09af3309fc6dc31129b3647dd8b21767d2c73ac01853d8fcbfabc524fec3a463"
    },
    {
      "type_name": "data_flow/action/SensorFeedback_SendGoal_Event",
      "hash_string": "RIHS01_a435dc33a28435308d1f416c246709c79a3f1d11006f1dd01c496d609ed1d765"
    },
    {
      "type_name": "data_flow/action/SensorFeedback_SendGoal_Request",
      "hash_string": "RIHS01_d571abd4e194faea414b56be863aa65f4408bd68d23d581b6eec6f9342ccfbc8"
    },
    {
      "type_name": "data_flow/action/SensorFeedback_SendGoal_Response",
      "hash_string": "RIHS01_9c0d94e0e64f145fb14a77fc6c68a6256dfe97c6fe01d7933bb852d70c2d2dfd"
    },
    {
      "type_name": "service_msgs/msg/ServiceEventInfo",
      "hash_string": "RIHS01_41bcbbe07a75c9b52bc96bfd5c24d7f0fc0a08c0cb7921b3373c5732345a6f45"
    },
    {
      "type_name": "unique_identifier_msgs/msg/UUID",
      "hash_string": "RIHS01_1b8e8aca958cbea28fe6ef60bf6c19b683c97a9ef60bb34752067d0f2f7ab437"
    }
  ]
}