{
  "type_description_msg": {
    "type_description": {
      "type_name": "data_flow/msg/ActionCommandsData",
      "fields": [
        {
          "name": "target",
          "type": {
            "type_id": 17,
            "capacity": 0,
            "string_capacity": 0,
            "nested_type_name": ""
          },
          "default_value": ""
        },
        {
          "name": "emergency_stop",
          "type": {
            "type_id": 15,
            "capacity": 0,
            "string_capacity": 0,
            "nested_type_name": ""
          },
          "default_value": ""
        }
      ]
    },
    "referenced_type_descriptions": []
  },
  "type_hashes": [
    {
      "type_name": "data_flow/msg/ActionCommandsData",
      "hash_string": "RIHS01_87ccca7deb38096b2bdf240c0120156679b5aec3518c97625ca6f6992be8b9e7"
    }
  ]
}