{
  "type_description_msg": {
    "type_description": {
      "type_name": "data_flow/msg/HandlingCommandsData",
      "fields": [
        {
          "name": "actuator_pliers_forward",
          "type": {
            "type_id": 51,
            "capacity": 2,
            "string_capacity": 0,
            "nested_type_name": ""
          },
          "default_value": ""
        },
        {
          "name": "actuator_pliers_backward",
          "type": {
            "type_id": 51,
            "capacity": 2,
            "string_capacity": 0,
            "nested_type_name": ""
          },
          "default_value": ""
        },
        {
          "name": "actuator_solar_panel_forward",
          "type": {
            "type_id": 3,
            "capacity": 0,
            "string_capacity": 0,
            "nested_type_name": ""
          },
          "default_value": ""
        },
        {
          "name": "actuator_solar_panel_backward",
          "type": {
            "type_id": 3,
            "capacity": 0,
            "string_capacity": 0,
            "nested_type_name": ""
          },
          "default_value": ""
        },
        {
          "name": "actuator_level_hand_forward",
          "type": {
            "type_id": 3,
            "capacity": 0,
            "string_capacity": 0,
            "nested_type_name": ""
          },
          "default_value": ""
        },
        {
          "name": "actuator_level_hand_backward",
          "type": {
            "type_id": 3,
            "capacity": 0,
            "string_capacity": 0,
            "nested_type_name": ""
          },
          "default_value": ""
        }
      ]
    },
    "referenced_type_descriptions": []
  },
  "type_hashes": [
    {
      "type_name": "data_flow/msg/HandlingCommandsData",
      "hash_string": "RIHS01_b39409a549440735c765b1677451cc4b4787d6b048052dad98ea97cb47e23dce"
    }
  ]
}