{
  "type_description_msg": {
    "type_description": {
      "type_name": "data_flow/msg/MapPositionData",
      "fields": [
        {
          "name": "coord_x",
          "type": {
            "type_id": 10,
            "capacity": 0,
            "string_capacity": 0,
            "nested_type_name": ""
          },
          "default_value": ""
        },
        {
          "name": "coord_y",
          "type": {
            "type_id": 10,
            "capacity": 0,
            "string_capacity": 0,
            "nested_type_name": ""
          },
          "default_value": ""
        }
      ]
    },
    "referenced_type_descriptions": []
  },
  "type_hashes": [
    {
      "type_name": "data_flow/msg/MapPositionData",
      "hash_string": "RIHS01_ee1f220e7d868ce0a686a1ad9b0f28897e1d369410f4e4722dac9d991983e10a"
    }
  ]
}