{
  "type_description_msg": {
    "type_description": {
      "type_name": "data_flow/msg/MotionData",
      "fields": [
        {
          "name": "direction",
          "type": {
            "type_id": 17,
            "capacity": 0,
            "string_capacity": 0,
            "nested_type_name": ""
          },
          "default_value": ""
        },
        {
          "name": "rotation_sense",
          "type": {
            "type_id": 17,
            "capacity": 0,
            "string_capacity": 0,
            "nested_type_name": ""
          },
          "default_value": ""
        },
        {
          "name": "distance_completed",
          "type": {
            "type_id": 10,
            "capacity": 0,
            "string_capacity": 0,
            "nested_type_name": ""
          },
          "default_value": ""
        }
      ]
    },
    "referenced_type_descriptions": []
  },
  "type_hashes": [
    {
      "type_name": "data_flow/msg/MotionData",
      "hash_string": "RIHS01_b9c9f2a7bd33dc7824a3c40e66d01a02f0454c0f7a71b491c07db116584af7f9"
    }
  ]
}