{
  "type_description_msg": {
    "type_description": {
      "type_name": "data_flow/msg/MotionCommandsData",
      "fields": [
        {
          "name": "angle_delta_command",
          "type": {
            "type_id": 10,
            "capacity": 0,
            "string_capacity": 0,
            "nested_type_name": ""
          },
          "default_value": ""
        },
        {
          "name": "distance_motion_command",
          "type": {
            "type_id": 10,
            "capacity": 0,
            "string_capacity": 0,
            "nested_type_name": ""
          },
          "default_value": ""
        },
        {
          "name": "emergency_stop",
          "type": {
            "type_id": 15,
            "capacity": 0,
            "string_capacity": 0,
            "nested_type_name": ""
          },
          "default_value": ""
        },
        {
          "name": "target_deviation_pourcentage",
          "type": {
            "type_id": 10,
            "capacity": 0,
            "string_capacity": 0,
            "nested_type_name": ""
          },
          "default_value": ""
        },
        {
          "name": "acceleration",
          "type": {
            "type_id": 10,
            "capacity": 0,
            "string_capacity": 0,
            "nested_type_name": ""
          },
          "default_value": ""
        }
      ]
    },
    "referenced_type_descriptions": []
  },
  "type_hashes": [
    {
      "type_name": "data_flow/msg/MotionCommandsData",
      "hash_string": "RIHS01_4bb1d51d21032056633f387aaede7685e2d1ecf6a889a9d059f9a37c7fb96315"
    }
  ]
}