{
  "type_description_msg": {
    "type_description": {
      "type_name": "data_flow/msg/ProcessedVideoData",
      "fields": [
        {
          "name": "target_deviation_pourcentage",
          "type": {
            "type_id": 10,
            "capacity": 0,
            "string_capacity": 0,
            "nested_type_name": ""
          },
          "default_value": ""
        },
        {
          "name": "target_detection",
          "type": {
            "type_id": 17,
            "capacity": 0,
            "string_capacity": 0,
            "nested_type_name": ""
          },
          "default_value": ""
        },
        {
          "name": "target_navigation_detection",
          "type": {
            "type_id": 17,
            "capacity": 0,
            "string_capacity": 0,
            "nested_type_name": ""
          },
          "default_value": ""
        }
      ]
    },
    "referenced_type_descriptions": []
  },
  "type_hashes": [
    {
      "type_name": "data_flow/msg/ProcessedVideoData",
      "hash_string": "RIHS01_deb7b16b8d2da567c2768a4a28306ddc96b3c875be6f225b6090d699a9756cbb"
    }
  ]
}